Nombre,Direccion,Telefono,Referencias
Alejandro Silva,San Martin 150,3814000001,Portón negro
Beatriz Silva,25 de Mayo 240,3814000002,Casa esquina
Carlos Silva,Av. Sarmiento 315,3814000003,Frente al súper
Daniela Silva,Muñecas 420,3814000004,Depto 2A
Esteban Silva,Laprida 550,3814000005,Rejas blancas
Florencia Silva,Mendoza 680,3814000006,Local a la calle
Gabriel Silva,Cordoba 710,3814000007,Timbre roto llamar al celu
Hugo Silva,San Juan 890,3814000008,Dejar en guardia
Ines Silva,Santiago del Estero 920,3814000009,Puerta de madera
Javier Silva,Salta 1050,3814000010,Frente a la plaza
Karina Silva,San Martin 1100,3814000011,Al lado del kiosco
Leandro Silva,25 de Mayo 1250,3814000012,Edificio moderno depto 5B
Mariana Silva,Av. Sarmiento 1340,3814000013,Casa con plantas en la entrada
Nicolas Silva,Muñecas 1420,3814000014,Tocar bocina
Olivia Silva,Laprida 1580,3814000015,Portón verde automático
Pablo Silva,Mendoza 1610,3814000016,Local de ropa
Quintin Silva,Cordoba 1730,3814000017,Oficina 3 primer piso
Romina Silva,San Juan 1850,3814000018,Casa amarilla
Santiago Silva,Santiago del Estero 1920,3814000019,Rejas grises altas
Tomas Silva,Salta 2040,3814000020,Preguntar por el encargado
Alejandro Herrera,San Martin 215,3814000021,Portón negro
Beatriz Herrera,25 de Mayo 345,3814000022,Casa esquina
Carlos Herrera,Av. Sarmiento 475,3814000023,Frente al súper
Daniela Herrera,Muñecas 590,3814000024,Depto 2A
Esteban Herrera,Laprida 610,3814000025,Rejas blancas
Florencia Herrera,Mendoza 730,3814000026,Local a la calle
Gabriel Herrera,Cordoba 840,3814000027,Timbre roto llamar al celu
Hugo Herrera,San Juan 960,3814000028,Dejar en guardia
Ines Herrera,Santiago del Estero 1080,3814000029,Puerta de madera
Javier Herrera,Salta 115,3814000030,Frente a la plaza
Karina Herrera,San Martin 220,3814000031,Al lado del kiosco
Leandro Herrera,25 de Mayo 330,3814000032,Edificio moderno depto 5B
Mariana Herrera,Av. Sarmiento 440,3814000033,Casa con plantas en la entrada
Nicolas Herrera,Muñecas 550,3814000034,Tocar bocina
Olivia Herrera,Laprida 660,3814000035,Portón verde automático
Pablo Herrera,Mendoza 770,3814000036,Local de ropa
Quintin Herrera,Cordoba 880,3814000037,Oficina 3 primer piso
Romina Herrera,San Juan 990,3814000038,Casa amarilla
Santiago Herrera,Santiago del Estero 1110,3814000039,Rejas grises altas
Tomas Herrera,Salta 1220,3814000040,Preguntar por el encargado
Alejandro Diaz,San Martin 1330,3814000041,Portón negro
Beatriz Diaz,25 de Mayo 1440,3814000042,Casa esquina
Carlos Diaz,Av. Sarmiento 1550,3814000043,Frente al súper
Daniela Diaz,Muñecas 1660,3814000044,Depto 2A
Esteban Diaz,Laprida 1770,3814000045,Rejas blancas
Florencia Diaz,Mendoza 1880,3814000046,Local a la calle
Gabriel Diaz,Cordoba 1990,3814000047,Timbre roto llamar al celu
Hugo Diaz,San Juan 2010,3814000048,Dejar en guardia
Ines Diaz,Santiago del Estero 2120,3814000049,Puerta de madera
Javier Diaz,Salta 2230,3814000050,Frente a la plaza
Karina Diaz,San Martin 2340,3814000051,Al lado del kiosco
Leandro Diaz,25 de Mayo 2450,3814000052,Edificio moderno depto 5B
Mariana Diaz,Av. Sarmiento 2560,3814000053,Casa con plantas en la entrada
Nicolas Diaz,Muñecas 2670,3814000054,Tocar bocina
Olivia Diaz,Laprida 2780,3814000055,Portón verde automático
Pablo Diaz,Mendoza 2890,3814000056,Local de ropa
Quintin Diaz,Cordoba 3000,3814000057,Oficina 3 primer piso
Romina Diaz,San Juan 3110,3814000058,Casa amarilla
Santiago Diaz,Santiago del Estero 3220,3814000059,Rejas grises altas
Tomas Diaz,Salta 3330,3814000060,Preguntar por el encargado
Alejandro Navarro,Av. Mate de Luna 1200,3814000061,Portón negro
Beatriz Navarro,Av. Aconquija 1500,3814000062,Casa esquina
Carlos Navarro,Crisostomo Alvarez 400,3814000063,Frente al súper
Daniela Navarro,San Lorenzo 800,3814000064,Depto 2A
Esteban Navarro,Las Heras 250,3814000065,Rejas blancas
Florencia Navarro,Congreso 150,3814000066,Local a la calle
Gabriel Navarro,Av. Mate de Luna 1850,3814000067,Timbre roto llamar al celu
Hugo Navarro,Av. Aconquija 2200,3814000068,Dejar en guardia
Ines Navarro,Crisostomo Alvarez 950,3814000069,Puerta de madera
Javier Navarro,San Lorenzo 1100,3814000070,Frente a la plaza
Karina Navarro,Las Heras 420,3814000071,Al lado del kiosco
Leandro Navarro,Congreso 380,3814000072,Edificio moderno depto 5B
Mariana Navarro,Av. Mate de Luna 2400,3814000073,Casa con plantas en la entrada
Nicolas Navarro,Av. Aconquija 2800,3814000074,Tocar bocina
Olivia Navarro,Crisostomo Alvarez 1300,3814000075,Portón verde automático
Pablo Navarro,San Lorenzo 1550,3814000076,Local de ropa
Quintin Navarro,Las Heras 600,3814000077,Oficina 3 primer piso
Romina Navarro,Congreso 590,3814000078,Casa amarilla
Santiago Navarro,Av. Mate de Luna 3100,3814000079,Rejas grises altas
Tomas Navarro,Av. Aconquija 3300,3814000080,Preguntar por el encargado
Alejandro Castro,Crisostomo Alvarez 1700,3814000081,Portón negro
Beatriz Castro,San Lorenzo 1900,3814000082,Casa esquina
Carlos Castro,Las Heras 850,3814000083,Frente al súper
Daniela Castro,Congreso 720,3814000084,Depto 2A
Esteban Castro,Av. Mate de Luna 3500,3814000085,Rejas blancas
Florencia Castro,Av. Aconquija 500,3814000086,Local a la calle
Gabriel Castro,Crisostomo Alvarez 2100,3814000087,Timbre roto llamar al celu
Hugo Castro,San Lorenzo 2250,3814000088,Dejar en guardia
Ines Castro,Las Heras 980,3814000089,Puerta de madera
Javier Castro,Congreso 850,3814000090,Frente a la plaza
Karina Castro,Av. Mate de Luna 4200,3814000091,Al lado del kiosco
Leandro Castro,Av. Aconquija 800,3814000092,Edificio moderno depto 5B
Mariana Castro,Crisostomo Alvarez 2500,3814000093,Casa con plantas en la entrada
Nicolas Castro,San Lorenzo 2600,3814000094,Tocar bocina
Olivia Castro,Las Heras 1150,3814000095,Portón verde automático
Pablo Castro,Congreso 1050,3814000096,Local de ropa
Quintin Castro,Av. Mate de Luna 4800,3814000097,Oficina 3 primer piso
Romina Castro,Av. Aconquija 1100,3814000098,Casa amarilla
Santiago Castro,Crisostomo Alvarez 2900,3814000099,Rejas grises altas
Tomas Castro,San Lorenzo 3100,3814000100,Preguntar por el encargado